[
  {
    "id": 1,
    "name": "Standart Vip",
    "multiplier": 1.3,
    "images": [
      "/images/cars/standartvip/standartvip_1.PNG",
      "/images/cars/standartvip/standartvip_2.PNG",
      "/images/cars/standartvip/standartvip_3.PNG",
      "/images/cars/standartvip/standartvip_4.PNG"
    ]
  },
  {
    "id": 2,
    "name": "Premium Vip",
    "multiplier": 1.5,
    "images": [
      "/images/cars/premiumvip/premiumvip_1.PNG",
      "/images/cars/premiumvip/premiumvip_2.PNG",
      "/images/cars/premiumvip/premiumvip_3.PNG",
      "/images/cars/premiumvip/premiumvip_4.PNG"
    ]
  },
  {
    "id": 3,
    "name": "Maybach Class",
    "multiplier": 1.7,
    "images": [
      "/images/cars/maybachclass/maybachclass_1.PNG",
      "/images/cars/maybachclass/maybachclass_2.PNG",
      "/images/cars/maybachclass/maybachclass_3.PNG",
      "/images/cars/maybachclass/maybachclass_4.PNG"
    ]
  },
  {
    "id": 4,
    "name": "Sprinter 10 kişilik",
    "multiplier": 2.0,
    "images": [
      "/images/cars/sprinter10kisilik/sprinter10kisilik_1.PNG",
      "/images/cars/sprinter10kisilik/sprinter10kisilik_2.PNG",
      "/images/cars/sprinter10kisilik/sprinter10kisilik_3.PNG",
      "/images/cars/sprinter10kisilik/sprinter10kisilik_4.PNG"
    ]
  },
  {
    "id": 5,
    "name": "Sprinter 14 kişilik",
    "multiplier": 1.1,
    "images": [
      "/images/cars/sprinter14kisilik/sprinter14kisilik_1.PNG",
      "/images/cars/sprinter14kisilik/sprinter14kisilik_2.PNG",
      "/images/cars/sprinter14kisilik/sprinter14kisilik_3.PNG",
      "/images/cars/sprinter14kisilik/sprinter14kisilik_4.PNG"
    ]
  },
  {
    "id": 6,
    "name": "E class",
    "multiplier": 2.5,
    "images": [
      "/images/cars/eclass/eclass_1.PNG",
      "/images/cars/eclass/eclass_2.PNG",
      "/images/cars/eclass/eclass_3.PNG",
      "/images/cars/eclass/eclass_4.PNG"
    ]
  },
  {
    "id": 7,
    "name": "S Class",
    "multiplier": 1.8,
    "images": [
      "/images/cars/sclass/sclass_1.PNG",
      "/images/cars/sclass/sclass_2.PNG",
      "/images/cars/sclass/sclass_3.PNG",
      "/images/cars/sclass/sclass_4.PNG"
        ]
  }
]