[
    {
        "name": "Yusuf Mert AKPINAR",
        "email": "merttakpinar@gmail.com",
        "phone": "05510258181",
        "note": "Kutlama yapacağız.",
        "date": "2025-05-29",
        "time": "14:50",
        "pickup": "Antalya Havalimanı",
        "dropoff": "Ramada Otel",
        "extras": [
            "Baby Seat"
        ],
        "from": "Antalya Havalimanı",
        "to": "Antalya Şehir Merkezi",
        "adults": "3",
        "children": "2",
        "currency": "USD",
        "selected_car": {
            "id": 1,
            "name": "Standart Vip",
            "images": [
                "\/images\/cars\/standartvip\/standartvip_1.PNG",
                "\/images\/cars\/standartvip\/standartvip_2.PNG",
                "\/images\/cars\/standartvip\/standartvip_3.PNG",
                "\/images\/cars\/standartvip\/standartvip_4.PNG"
            ],
            "services": [
                "WiFi",
                "İçecek",
                "Derin Temizlik"
            ],
            "price": 9
        },
        "created_at": "2025-05-29T11:10:23.958Z",
        "id": 1,
        "status": "Rezervasyon Beklemede"
    }
]